{
  "categories": [
    {
      "id": 0,
      "name": "animal"
    },
    {
      "id": 1,
      "name": "debris"
    },
    {
      "id": 2,
      "name": "human"
    },
    {
      "id": 3,
      "name": "object"
    },
    {
      "id": 4,
      "name": "stone"
    },
    {
      "id": 5,
      "name": "tree"
    },
    {
      "id": 6,
      "name": "vehicle"
    }
  ],
  "info": {
    "year": 2025,
    "version": "1.0",
    "contributor": "Label Studio"
  }
}